{
  "version": 2,
  "builds": [
    {
      "src": "server.js",
      "use": "@vercel/node"
    }
  ],
  "routes": [
    {
      "src": "/socket.io/(.*)",
      "dest": "server.js"
    },
    {
      "src": "/api/(.*)",
      "dest": "server.js",
      "methods": ["GET", "POST", "PUT", "DELETE", "OPTIONS"],
      "headers": {
        "Access-Control-Allow-Origin": "https://chatifys-spshrishails-projects.vercel.app/",
        "Access-Control-Allow-Credentials": "true",
        "Access-Control-Allow-Methods": "GET,OPTIONS,PATCH,DELETE,POST,PUT",
        "Access-Control-Allow-Headers": "X-CSRF-Token, X-Requested-With, Accept, Accept-Version, Content-Length, Content-MD5, Content-Type, Date, X-Api-Version, Authorization"
      }
    },
    {
      "src": "/(.*)",
      "dest": "server.js"
    }
  ]
} 
